2017/07/11 22:45:06,hoge@cntsv.jp,piyo@cntsv.jp,hello world
2017/07/11 22:45:07,hoge@cntsv.jp,piyo@cntsv.jp,hello world
2017/07/11 22:45:08,hoge@cntsv.jp,piyo@cntsv.jp,hello world
2017/07/11 22:45:09,hoge@cntsv.jp,piyo@cntsv.jp,hello world
2017/07/11 22:45:10,hoge@cntsv.jp,piyo@cntsv.jp,hello world
2017/07/12 22:45:11,hoge@cntsv.jp,piyo@cntsv.jp,hello world
2017/07/12 22:45:12,hoge@cntsv.jp,piyo@cntsv.jp,hello world
2017/07/12 22:45:13,hoge@cntsv.jp,piyo@cntsv.jp,hello world
2017/07/12 22:45:14,hoge@cntsv.jp,piyo@cntsv.jp,hello world
2017/07/12 22:45:15,hoge@cntsv.jp,piyo@cntsv.jp,hello world
