2017/07/11 12:45:16,hoge01@cntsv.jp,piyo@cntsv.jp,hello world
2017/07/11 12:45:17,hoge02@cntsv.jp,hoge@cntsv.jp,hello world
2017/07/11 12:45:18,hoge03@cntsv.jp,piyo@cntsv.jp,hello world
2017/07/11 12:45:19,hoge04@cntsv.jp,hoge@cntsv.jp,hello world
2017/07/11 12:45:20,hoge05@cntsv.jp,piyo@cntsv.jp,hello world
2017/07/12 12:45:16,hoge06@cntsv.jp,hoge@cntsv.jp,hello world
2017/07/12 12:45:17,hoge06@cntsv.jp,piyo@cntsv.jp,hello world
2017/07/12 12:45:18,hoge07@cntsv.jp,hoge@cntsv.jp,hello world
2017/07/12 12:45:19,hoge08@cntsv.jp,piyo@cntsv.jp,hello world
2017/07/12 12:45:20,hoge09@cntsv.jp,hoge@cntsv.jp,hello world
